{"frames":{"bucky_jump_left":{"frame":{"x":180,"y":455,"w":37,"h":64},"rotated":false,"trimmed":false,"spriteSourceSize":{"x":0,"y":0,"w":37,"h":64},"sourceSize":{"w":37,"h":64}},"bucky_jump_right":{"frame":{"x":211,"y":0,"w":37,"h":64},"rotated":false,"trimmed":false,"spriteSourceSize":{"x":0,"y":0,"w":37,"h":64},"sourceSize":{"w":37,"h":64}},"bucky_stand_left":{"frame":{"x":429,"y":260,"w":35,"h":64},"rotated":false,"trimmed":false,"spriteSourceSize":{"x":0,"y":0,"w":35,"h":64},"sourceSize":{"w":35,"h":64}},"bucky_stand_right":{"frame":{"x":429,"y":0,"w":35,"h":64},"rotated":false,"trimmed":false,"spriteSourceSize":{"x":0,"y":0,"w":35,"h":64},"sourceSize":{"w":35,"h":64}},"bucky_walk_left(1)":{"frame":{"x":294,"y":0,"w":44,"h":64},"rotated":false,"trimmed":false,"spriteSourceSize":{"x":0,"y":0,"w":44,"h":64},"sourceSize":{"w":44,"h":64}},"bucky_walk_left(2)":{"frame":{"x":600,"y":325,"w":44,"h":64},"rotated":false,"trimmed":false,"spriteSourceSize":{"x":0,"y":0,"w":44,"h":64},"sourceSize":{"w":44,"h":64}},"bucky_walk_left(3)":{"frame":{"x":465,"y":325,"w":44,"h":64},"rotated":false,"trimmed":false,"spriteSourceSize":{"x":0,"y":0,"w":44,"h":64},"sourceSize":{"w":44,"h":64}},"bucky_walk_left(4)":{"frame":{"x":308,"y":455,"w":44,"h":64},"rotated":false,"trimmed":false,"spriteSourceSize":{"x":0,"y":0,"w":44,"h":64},"sourceSize":{"w":44,"h":64}},"bucky_walk_left(5)":{"frame":{"x":173,"y":520,"w":44,"h":64},"rotated":false,"trimmed":false,"spriteSourceSize":{"x":0,"y":0,"w":44,"h":64},"sourceSize":{"w":44,"h":64}},"bucky_walk_left(6)":{"frame":{"x":90,"y":455,"w":44,"h":64},"rotated":false,"trimmed":false,"spriteSourceSize":{"x":0,"y":0,"w":44,"h":64},"sourceSize":{"w":44,"h":64}},"bucky_walk_right(1)":{"frame":{"x":218,"y":455,"w":44,"h":64},"rotated":false,"trimmed":false,"spriteSourceSize":{"x":0,"y":0,"w":44,"h":64},"sourceSize":{"w":44,"h":64}},"bucky_walk_right(2)":{"frame":{"x":555,"y":390,"w":44,"h":64},"rotated":false,"trimmed":false,"spriteSourceSize":{"x":0,"y":0,"w":44,"h":64},"sourceSize":{"w":44,"h":64}},"bucky_walk_right(3)":{"frame":{"x":465,"y":520,"w":44,"h":64},"rotated":false,"trimmed":false,"spriteSourceSize":{"x":0,"y":0,"w":44,"h":64},"sourceSize":{"w":44,"h":64}},"bucky_walk_right(4)":{"frame":{"x":128,"y":520,"w":44,"h":64},"rotated":false,"trimmed":false,"spriteSourceSize":{"x":0,"y":0,"w":44,"h":64},"sourceSize":{"w":44,"h":64}},"bucky_walk_right(5)":{"frame":{"x":555,"y":520,"w":44,"h":64},"rotated":false,"trimmed":false,"spriteSourceSize":{"x":0,"y":0,"w":44,"h":64},"sourceSize":{"w":44,"h":64}},"bucky_walk_right(6)":{"frame":{"x":384,"y":260,"w":44,"h":64},"rotated":false,"trimmed":false,"spriteSourceSize":{"x":0,"y":0,"w":44,"h":64},"sourceSize":{"w":44,"h":64}},"bucky_jump_left_b":{"frame":{"x":555,"y":65,"w":37,"h":64},"rotated":false,"trimmed":false,"spriteSourceSize":{"x":0,"y":0,"w":37,"h":64},"sourceSize":{"w":37,"h":64}},"bucky_jump_right_b":{"frame":{"x":209,"y":195,"w":37,"h":64},"rotated":false,"trimmed":false,"spriteSourceSize":{"x":0,"y":0,"w":37,"h":64},"sourceSize":{"w":37,"h":64}},"bucky_stand_left_b":{"frame":{"x":429,"y":65,"w":35,"h":64},"rotated":false,"trimmed":false,"spriteSourceSize":{"x":0,"y":0,"w":35,"h":64},"sourceSize":{"w":35,"h":64}},"bucky_stand_right_b":{"frame":{"x":429,"y":390,"w":35,"h":64},"rotated":false,"trimmed":false,"spriteSourceSize":{"x":0,"y":0,"w":35,"h":64},"sourceSize":{"w":35,"h":64}},"bucky_walk_left_b(1)":{"frame":{"x":218,"y":260,"w":44,"h":64},"rotated":false,"trimmed":false,"spriteSourceSize":{"x":0,"y":0,"w":44,"h":64},"sourceSize":{"w":44,"h":64}},"bucky_walk_left_b(2)":{"frame":{"x":121,"y":65,"w":44,"h":64},"rotated":false,"trimmed":false,"spriteSourceSize":{"x":0,"y":0,"w":44,"h":64},"sourceSize":{"w":44,"h":64}},"bucky_walk_left_b(3)":{"frame":{"x":249,"y":130,"w":44,"h":64},"rotated":false,"trimmed":false,"spriteSourceSize":{"x":0,"y":0,"w":44,"h":64},"sourceSize":{"w":44,"h":64}},"bucky_walk_left_b(4)":{"frame":{"x":339,"y":260,"w":44,"h":64},"rotated":false,"trimmed":false,"spriteSourceSize":{"x":0,"y":0,"w":44,"h":64},"sourceSize":{"w":44,"h":64}},"bucky_walk_left_b(5)":{"frame":{"x":600,"y":390,"w":44,"h":64},"rotated":false,"trimmed":false,"spriteSourceSize":{"x":0,"y":0,"w":44,"h":64},"sourceSize":{"w":44,"h":64}},"bucky_walk_left_b(6)":{"frame":{"x":294,"y":260,"w":44,"h":64},"rotated":false,"trimmed":false,"spriteSourceSize":{"x":0,"y":0,"w":44,"h":64},"sourceSize":{"w":44,"h":64}},"bucky_walk_right_b(1)":{"frame":{"x":510,"y":65,"w":44,"h":64},"rotated":false,"trimmed":false,"spriteSourceSize":{"x":0,"y":0,"w":44,"h":64},"sourceSize":{"w":44,"h":64}},"bucky_walk_right_b(2)":{"frame":{"x":263,"y":455,"w":44,"h":64},"rotated":false,"trimmed":false,"spriteSourceSize":{"x":0,"y":0,"w":44,"h":64},"sourceSize":{"w":44,"h":64}},"bucky_walk_right_b(3)":{"frame":{"x":465,"y":260,"w":44,"h":64},"rotated":false,"trimmed":false,"spriteSourceSize":{"x":0,"y":0,"w":44,"h":64},"sourceSize":{"w":44,"h":64}},"bucky_walk_right_b(4)":{"frame":{"x":294,"y":130,"w":44,"h":64},"rotated":false,"trimmed":false,"spriteSourceSize":{"x":0,"y":0,"w":44,"h":64},"sourceSize":{"w":44,"h":64}},"bucky_walk_right_b(5)":{"frame":{"x":166,"y":65,"w":44,"h":64},"rotated":false,"trimmed":false,"spriteSourceSize":{"x":0,"y":0,"w":44,"h":64},"sourceSize":{"w":44,"h":64}},"bucky_walk_right_b(6)":{"frame":{"x":555,"y":325,"w":44,"h":64},"rotated":false,"trimmed":false,"spriteSourceSize":{"x":0,"y":0,"w":44,"h":64},"sourceSize":{"w":44,"h":64}},"bucky_jump_left_by":{"frame":{"x":211,"y":130,"w":37,"h":64},"rotated":false,"trimmed":false,"spriteSourceSize":{"x":0,"y":0,"w":37,"h":64},"sourceSize":{"w":37,"h":64}},"bucky_jump_right_by":{"frame":{"x":211,"y":65,"w":37,"h":64},"rotated":false,"trimmed":false,"spriteSourceSize":{"x":0,"y":0,"w":37,"h":64},"sourceSize":{"w":37,"h":64}},"bucky_stand_left_by":{"frame":{"x":384,"y":520,"w":35,"h":64},"rotated":false,"trimmed":false,"spriteSourceSize":{"x":0,"y":0,"w":35,"h":64},"sourceSize":{"w":35,"h":64}},"bucky_stand_right_by":{"frame":{"x":173,"y":325,"w":35,"h":64},"rotated":false,"trimmed":false,"spriteSourceSize":{"x":0,"y":0,"w":35,"h":64},"sourceSize":{"w":35,"h":64}},"bucky_walk_left_by(1)":{"frame":{"x":465,"y":130,"w":44,"h":64},"rotated":false,"trimmed":false,"spriteSourceSize":{"x":0,"y":0,"w":44,"h":64},"sourceSize":{"w":44,"h":64}},"bucky_walk_left_by(2)":{"frame":{"x":420,"y":520,"w":44,"h":64},"rotated":false,"trimmed":false,"spriteSourceSize":{"x":0,"y":0,"w":44,"h":64},"sourceSize":{"w":44,"h":64}},"bucky_walk_left_by(3)":{"frame":{"x":218,"y":520,"w":44,"h":64},"rotated":false,"trimmed":false,"spriteSourceSize":{"x":0,"y":0,"w":44,"h":64},"sourceSize":{"w":44,"h":64}},"bucky_walk_left_by(4)":{"frame":{"x":443,"y":455,"w":44,"h":64},"rotated":false,"trimmed":false,"spriteSourceSize":{"x":0,"y":0,"w":44,"h":64},"sourceSize":{"w":44,"h":64}},"bucky_walk_left_by(5)":{"frame":{"x":38,"y":0,"w":44,"h":64},"rotated":false,"trimmed":false,"spriteSourceSize":{"x":0,"y":0,"w":44,"h":64},"sourceSize":{"w":44,"h":64}},"bucky_walk_left_by(6)":{"frame":{"x":600,"y":0,"w":44,"h":64},"rotated":false,"trimmed":false,"spriteSourceSize":{"x":0,"y":0,"w":44,"h":64},"sourceSize":{"w":44,"h":64}},"bucky_walk_right_by(1)":{"frame":{"x":249,"y":0,"w":44,"h":64},"rotated":false,"trimmed":false,"spriteSourceSize":{"x":0,"y":0,"w":44,"h":64},"sourceSize":{"w":44,"h":64}},"bucky_walk_right_by(2)":{"frame":{"x":90,"y":195,"w":44,"h":64},"rotated":false,"trimmed":false,"spriteSourceSize":{"x":0,"y":0,"w":44,"h":64},"sourceSize":{"w":44,"h":64}},"bucky_walk_right_by(3)":{"frame":{"x":555,"y":130,"w":44,"h":64},"rotated":false,"trimmed":false,"spriteSourceSize":{"x":0,"y":0,"w":44,"h":64},"sourceSize":{"w":44,"h":64}},"bucky_walk_right_by(4)":{"frame":{"x":294,"y":65,"w":44,"h":64},"rotated":false,"trimmed":false,"spriteSourceSize":{"x":0,"y":0,"w":44,"h":64},"sourceSize":{"w":44,"h":64}},"bucky_walk_right_by(5)":{"frame":{"x":249,"y":195,"w":44,"h":64},"rotated":false,"trimmed":false,"spriteSourceSize":{"x":0,"y":0,"w":44,"h":64},"sourceSize":{"w":44,"h":64}},"bucky_walk_right_by(6)":{"frame":{"x":0,"y":390,"w":44,"h":64},"rotated":false,"trimmed":false,"spriteSourceSize":{"x":0,"y":0,"w":44,"h":64},"sourceSize":{"w":44,"h":64}},"bucky_jump_left_r":{"frame":{"x":384,"y":325,"w":37,"h":64},"rotated":false,"trimmed":false,"spriteSourceSize":{"x":0,"y":0,"w":37,"h":64},"sourceSize":{"w":37,"h":64}},"bucky_jump_right_r":{"frame":{"x":0,"y":520,"w":37,"h":64},"rotated":false,"trimmed":false,"spriteSourceSize":{"x":0,"y":0,"w":37,"h":64},"sourceSize":{"w":37,"h":64}},"bucky_stand_left_r":{"frame":{"x":209,"y":325,"w":35,"h":64},"rotated":false,"trimmed":false,"spriteSourceSize":{"x":0,"y":0,"w":35,"h":64},"sourceSize":{"w":35,"h":64}},"bucky_stand_right_r":{"frame":{"x":429,"y":130,"w":35,"h":64},"rotated":false,"trimmed":false,"spriteSourceSize":{"x":0,"y":0,"w":35,"h":64},"sourceSize":{"w":35,"h":64}},"bucky_walk_left_r(1)":{"frame":{"x":398,"y":455,"w":44,"h":64},"rotated":false,"trimmed":false,"spriteSourceSize":{"x":0,"y":0,"w":44,"h":64},"sourceSize":{"w":44,"h":64}},"bucky_walk_left_r(2)":{"frame":{"x":555,"y":455,"w":44,"h":64},"rotated":false,"trimmed":false,"spriteSourceSize":{"x":0,"y":0,"w":44,"h":64},"sourceSize":{"w":44,"h":64}},"bucky_walk_left_r(3)":{"frame":{"x":216,"y":390,"w":44,"h":64},"rotated":false,"trimmed":false,"spriteSourceSize":{"x":0,"y":0,"w":44,"h":64},"sourceSize":{"w":44,"h":64}},"bucky_walk_left_r(4)":{"frame":{"x":173,"y":260,"w":44,"h":64},"rotated":false,"trimmed":false,"spriteSourceSize":{"x":0,"y":0,"w":44,"h":64},"sourceSize":{"w":44,"h":64}},"bucky_walk_left_r(5)":{"frame":{"x":166,"y":130,"w":44,"h":64},"rotated":false,"trimmed":false,"spriteSourceSize":{"x":0,"y":0,"w":44,"h":64},"sourceSize":{"w":44,"h":64}},"bucky_walk_left_r(6)":{"frame":{"x":290,"y":325,"w":44,"h":64},"rotated":false,"trimmed":false,"spriteSourceSize":{"x":0,"y":0,"w":44,"h":64},"sourceSize":{"w":44,"h":64}},"bucky_walk_right_r(1)":{"frame":{"x":600,"y":260,"w":44,"h":64},"rotated":false,"trimmed":false,"spriteSourceSize":{"x":0,"y":0,"w":44,"h":64},"sourceSize":{"w":44,"h":64}},"bucky_walk_right_r(2)":{"frame":{"x":339,"y":65,"w":44,"h":64},"rotated":false,"trimmed":false,"spriteSourceSize":{"x":0,"y":0,"w":44,"h":64},"sourceSize":{"w":44,"h":64}},"bucky_walk_right_r(3)":{"frame":{"x":510,"y":195,"w":44,"h":64},"rotated":false,"trimmed":false,"spriteSourceSize":{"x":0,"y":0,"w":44,"h":64},"sourceSize":{"w":44,"h":64}},"bucky_walk_right_r(4)":{"frame":{"x":353,"y":455,"w":44,"h":64},"rotated":false,"trimmed":false,"spriteSourceSize":{"x":0,"y":0,"w":44,"h":64},"sourceSize":{"w":44,"h":64}},"bucky_walk_right_r(5)":{"frame":{"x":45,"y":390,"w":44,"h":64},"rotated":false,"trimmed":false,"spriteSourceSize":{"x":0,"y":0,"w":44,"h":64},"sourceSize":{"w":44,"h":64}},"bucky_walk_right_r(6)":{"frame":{"x":384,"y":0,"w":44,"h":64},"rotated":false,"trimmed":false,"spriteSourceSize":{"x":0,"y":0,"w":44,"h":64},"sourceSize":{"w":44,"h":64}},"bucky_jump_left_rb":{"frame":{"x":171,"y":195,"w":37,"h":64},"rotated":false,"trimmed":false,"spriteSourceSize":{"x":0,"y":0,"w":37,"h":64},"sourceSize":{"w":37,"h":64}},"bucky_jump_right_rb":{"frame":{"x":90,"y":260,"w":37,"h":64},"rotated":false,"trimmed":false,"spriteSourceSize":{"x":0,"y":0,"w":37,"h":64},"sourceSize":{"w":37,"h":64}},"bucky_stand_left_rb":{"frame":{"x":128,"y":130,"w":35,"h":64},"rotated":false,"trimmed":false,"spriteSourceSize":{"x":0,"y":0,"w":35,"h":64},"sourceSize":{"w":35,"h":64}},"bucky_stand_right_rb":{"frame":{"x":600,"y":195,"w":35,"h":64},"rotated":false,"trimmed":false,"spriteSourceSize":{"x":0,"y":0,"w":35,"h":64},"sourceSize":{"w":35,"h":64}},"bucky_walk_left_rb(1)":{"frame":{"x":335,"y":325,"w":44,"h":64},"rotated":false,"trimmed":false,"spriteSourceSize":{"x":0,"y":0,"w":44,"h":64},"sourceSize":{"w":44,"h":64}},"bucky_walk_left_rb(2)":{"frame":{"x":384,"y":65,"w":44,"h":64},"rotated":false,"trimmed":false,"spriteSourceSize":{"x":0,"y":0,"w":44,"h":64},"sourceSize":{"w":44,"h":64}},"bucky_walk_left_rb(3)":{"frame":{"x":90,"y":390,"w":44,"h":64},"rotated":false,"trimmed":false,"spriteSourceSize":{"x":0,"y":0,"w":44,"h":64},"sourceSize":{"w":44,"h":64}},"bucky_walk_left_rb(4)":{"frame":{"x":510,"y":325,"w":44,"h":64},"rotated":false,"trimmed":false,"spriteSourceSize":{"x":0,"y":0,"w":44,"h":64},"sourceSize":{"w":44,"h":64}},"bucky_walk_left_rb(5)":{"frame":{"x":339,"y":130,"w":44,"h":64},"rotated":false,"trimmed":false,"spriteSourceSize":{"x":0,"y":0,"w":44,"h":64},"sourceSize":{"w":44,"h":64}},"bucky_walk_left_rb(6)":{"frame":{"x":0,"y":130,"w":44,"h":64},"rotated":false,"trimmed":false,"spriteSourceSize":{"x":0,"y":0,"w":44,"h":64},"sourceSize":{"w":44,"h":64}},"bucky_walk_right_rb(1)":{"frame":{"x":301,"y":520,"w":44,"h":64},"rotated":false,"trimmed":false,"spriteSourceSize":{"x":0,"y":0,"w":44,"h":64},"sourceSize":{"w":44,"h":64}},"bucky_walk_right_rb(2)":{"frame":{"x":0,"y":455,"w":44,"h":64},"rotated":false,"trimmed":false,"spriteSourceSize":{"x":0,"y":0,"w":44,"h":64},"sourceSize":{"w":44,"h":64}},"bucky_walk_right_rb(3)":{"frame":{"x":0,"y":195,"w":44,"h":64},"rotated":false,"trimmed":false,"spriteSourceSize":{"x":0,"y":0,"w":44,"h":64},"sourceSize":{"w":44,"h":64}},"bucky_walk_right_rb(4)":{"frame":{"x":38,"y":520,"w":44,"h":64},"rotated":false,"trimmed":false,"spriteSourceSize":{"x":0,"y":0,"w":44,"h":64},"sourceSize":{"w":44,"h":64}},"bucky_walk_right_rb(5)":{"frame":{"x":555,"y":260,"w":44,"h":64},"rotated":false,"trimmed":false,"spriteSourceSize":{"x":0,"y":0,"w":44,"h":64},"sourceSize":{"w":44,"h":64}},"bucky_walk_right_rb(6)":{"frame":{"x":128,"y":325,"w":44,"h":64},"rotated":false,"trimmed":false,"spriteSourceSize":{"x":0,"y":0,"w":44,"h":64},"sourceSize":{"w":44,"h":64}},"bucky_jump_left_rby":{"frame":{"x":90,"y":325,"w":37,"h":64},"rotated":false,"trimmed":false,"spriteSourceSize":{"x":0,"y":0,"w":37,"h":64},"sourceSize":{"w":37,"h":64}},"bucky_jump_right_rby":{"frame":{"x":0,"y":0,"w":37,"h":64},"rotated":false,"trimmed":false,"spriteSourceSize":{"x":0,"y":0,"w":37,"h":64},"sourceSize":{"w":37,"h":64}},"bucky_stand_left_rby":{"frame":{"x":135,"y":195,"w":35,"h":64},"rotated":false,"trimmed":false,"spriteSourceSize":{"x":0,"y":0,"w":35,"h":64},"sourceSize":{"w":35,"h":64}},"bucky_stand_right_rby":{"frame":{"x":429,"y":325,"w":35,"h":64},"rotated":false,"trimmed":false,"spriteSourceSize":{"x":0,"y":0,"w":35,"h":64},"sourceSize":{"w":35,"h":64}},"bucky_walk_left_rby(1)":{"frame":{"x":45,"y":325,"w":44,"h":64},"rotated":false,"trimmed":false,"spriteSourceSize":{"x":0,"y":0,"w":44,"h":64},"sourceSize":{"w":44,"h":64}},"bucky_walk_left_rby(2)":{"frame":{"x":510,"y":520,"w":44,"h":64},"rotated":false,"trimmed":false,"spriteSourceSize":{"x":0,"y":0,"w":44,"h":64},"sourceSize":{"w":44,"h":64}},"bucky_walk_left_rby(3)":{"frame":{"x":0,"y":65,"w":44,"h":64},"rotated":false,"trimmed":false,"spriteSourceSize":{"x":0,"y":0,"w":44,"h":64},"sourceSize":{"w":44,"h":64}},"bucky_walk_left_rby(4)":{"frame":{"x":510,"y":455,"w":44,"h":64},"rotated":false,"trimmed":false,"spriteSourceSize":{"x":0,"y":0,"w":44,"h":64},"sourceSize":{"w":44,"h":64}},"bucky_walk_left_rby(5)":{"frame":{"x":510,"y":390,"w":44,"h":64},"rotated":false,"trimmed":false,"spriteSourceSize":{"x":0,"y":0,"w":44,"h":64},"sourceSize":{"w":44,"h":64}},"bucky_walk_left_rby(6)":{"frame":{"x":465,"y":0,"w":44,"h":64},"rotated":false,"trimmed":false,"spriteSourceSize":{"x":0,"y":0,"w":44,"h":64},"sourceSize":{"w":44,"h":64}},"bucky_walk_right_rby(1)":{"frame":{"x":339,"y":195,"w":44,"h":64},"rotated":false,"trimmed":false,"spriteSourceSize":{"x":0,"y":0,"w":44,"h":64},"sourceSize":{"w":44,"h":64}},"bucky_walk_right_rby(2)":{"frame":{"x":0,"y":325,"w":44,"h":64},"rotated":false,"trimmed":false,"spriteSourceSize":{"x":0,"y":0,"w":44,"h":64},"sourceSize":{"w":44,"h":64}},"bucky_walk_right_rby(3)":{"frame":{"x":45,"y":195,"w":44,"h":64},"rotated":false,"trimmed":false,"spriteSourceSize":{"x":0,"y":0,"w":44,"h":64},"sourceSize":{"w":44,"h":64}},"bucky_walk_right_rby(4)":{"frame":{"x":510,"y":0,"w":44,"h":64},"rotated":false,"trimmed":false,"spriteSourceSize":{"x":0,"y":0,"w":44,"h":64},"sourceSize":{"w":44,"h":64}},"bucky_walk_right_rby(5)":{"frame":{"x":339,"y":0,"w":44,"h":64},"rotated":false,"trimmed":false,"spriteSourceSize":{"x":0,"y":0,"w":44,"h":64},"sourceSize":{"w":44,"h":64}},"bucky_walk_right_rby(6)":{"frame":{"x":121,"y":0,"w":44,"h":64},"rotated":false,"trimmed":false,"spriteSourceSize":{"x":0,"y":0,"w":44,"h":64},"sourceSize":{"w":44,"h":64}},"bucky_jump_left_ry":{"frame":{"x":83,"y":0,"w":37,"h":64},"rotated":false,"trimmed":false,"spriteSourceSize":{"x":0,"y":0,"w":37,"h":64},"sourceSize":{"w":37,"h":64}},"bucky_jump_right_ry":{"frame":{"x":90,"y":130,"w":37,"h":64},"rotated":false,"trimmed":false,"spriteSourceSize":{"x":0,"y":0,"w":37,"h":64},"sourceSize":{"w":37,"h":64}},"bucky_stand_left_ry":{"frame":{"x":180,"y":390,"w":35,"h":64},"rotated":false,"trimmed":false,"spriteSourceSize":{"x":0,"y":0,"w":35,"h":64},"sourceSize":{"w":35,"h":64}},"bucky_stand_right_ry":{"frame":{"x":429,"y":195,"w":35,"h":64},"rotated":false,"trimmed":false,"spriteSourceSize":{"x":0,"y":0,"w":35,"h":64},"sourceSize":{"w":35,"h":64}},"bucky_walk_left_ry(1)":{"frame":{"x":510,"y":130,"w":44,"h":64},"rotated":false,"trimmed":false,"spriteSourceSize":{"x":0,"y":0,"w":44,"h":64},"sourceSize":{"w":44,"h":64}},"bucky_walk_left_ry(2)":{"frame":{"x":600,"y":130,"w":44,"h":64},"rotated":false,"trimmed":false,"spriteSourceSize":{"x":0,"y":0,"w":44,"h":64},"sourceSize":{"w":44,"h":64}},"bucky_walk_left_ry(3)":{"frame":{"x":384,"y":130,"w":44,"h":64},"rotated":false,"trimmed":false,"spriteSourceSize":{"x":0,"y":0,"w":44,"h":64},"sourceSize":{"w":44,"h":64}},"bucky_walk_left_ry(4)":{"frame":{"x":600,"y":65,"w":44,"h":64},"rotated":false,"trimmed":false,"spriteSourceSize":{"x":0,"y":0,"w":44,"h":64},"sourceSize":{"w":44,"h":64}},"bucky_walk_left_ry(5)":{"frame":{"x":249,"y":65,"w":44,"h":64},"rotated":false,"trimmed":false,"spriteSourceSize":{"x":0,"y":0,"w":44,"h":64},"sourceSize":{"w":44,"h":64}},"bucky_walk_left_ry(6)":{"frame":{"x":294,"y":195,"w":44,"h":64},"rotated":false,"trimmed":false,"spriteSourceSize":{"x":0,"y":0,"w":44,"h":64},"sourceSize":{"w":44,"h":64}},"bucky_walk_right_ry(1)":{"frame":{"x":45,"y":455,"w":44,"h":64},"rotated":false,"trimmed":false,"spriteSourceSize":{"x":0,"y":0,"w":44,"h":64},"sourceSize":{"w":44,"h":64}},"bucky_walk_right_ry(2)":{"frame":{"x":45,"y":260,"w":44,"h":64},"rotated":false,"trimmed":false,"spriteSourceSize":{"x":0,"y":0,"w":44,"h":64},"sourceSize":{"w":44,"h":64}},"bucky_walk_right_ry(3)":{"frame":{"x":166,"y":0,"w":44,"h":64},"rotated":false,"trimmed":false,"spriteSourceSize":{"x":0,"y":0,"w":44,"h":64},"sourceSize":{"w":44,"h":64}},"bucky_walk_right_ry(4)":{"frame":{"x":555,"y":195,"w":44,"h":64},"rotated":false,"trimmed":false,"spriteSourceSize":{"x":0,"y":0,"w":44,"h":64},"sourceSize":{"w":44,"h":64}},"bucky_walk_right_ry(5)":{"frame":{"x":510,"y":260,"w":44,"h":64},"rotated":false,"trimmed":false,"spriteSourceSize":{"x":0,"y":0,"w":44,"h":64},"sourceSize":{"w":44,"h":64}},"bucky_walk_right_ry(6)":{"frame":{"x":245,"y":325,"w":44,"h":64},"rotated":false,"trimmed":false,"spriteSourceSize":{"x":0,"y":0,"w":44,"h":64},"sourceSize":{"w":44,"h":64}},"bucky_jump_left_y":{"frame":{"x":263,"y":520,"w":37,"h":64},"rotated":false,"trimmed":false,"spriteSourceSize":{"x":0,"y":0,"w":37,"h":64},"sourceSize":{"w":37,"h":64}},"bucky_jump_right_y":{"frame":{"x":346,"y":520,"w":37,"h":64},"rotated":false,"trimmed":false,"spriteSourceSize":{"x":0,"y":0,"w":37,"h":64},"sourceSize":{"w":37,"h":64}},"bucky_stand_left_y":{"frame":{"x":81,"y":65,"w":35,"h":64},"rotated":false,"trimmed":false,"spriteSourceSize":{"x":0,"y":0,"w":35,"h":64},"sourceSize":{"w":35,"h":64}},"bucky_stand_right_y":{"frame":{"x":45,"y":65,"w":35,"h":64},"rotated":false,"trimmed":false,"spriteSourceSize":{"x":0,"y":0,"w":35,"h":64},"sourceSize":{"w":35,"h":64}},"bucky_walk_left_y(1)":{"frame":{"x":465,"y":195,"w":44,"h":64},"rotated":false,"trimmed":false,"spriteSourceSize":{"x":0,"y":0,"w":44,"h":64},"sourceSize":{"w":44,"h":64}},"bucky_walk_left_y(2)":{"frame":{"x":465,"y":390,"w":44,"h":64},"rotated":false,"trimmed":false,"spriteSourceSize":{"x":0,"y":0,"w":44,"h":64},"sourceSize":{"w":44,"h":64}},"bucky_walk_left_y(3)":{"frame":{"x":45,"y":130,"w":44,"h":64},"rotated":false,"trimmed":false,"spriteSourceSize":{"x":0,"y":0,"w":44,"h":64},"sourceSize":{"w":44,"h":64}},"bucky_walk_left_y(4)":{"frame":{"x":600,"y":455,"w":44,"h":64},"rotated":false,"trimmed":false,"spriteSourceSize":{"x":0,"y":0,"w":44,"h":64},"sourceSize":{"w":44,"h":64}},"bucky_walk_left_y(5)":{"frame":{"x":135,"y":390,"w":44,"h":64},"rotated":false,"trimmed":false,"spriteSourceSize":{"x":0,"y":0,"w":44,"h":64},"sourceSize":{"w":44,"h":64}},"bucky_walk_left_y(6)":{"frame":{"x":384,"y":195,"w":44,"h":64},"rotated":false,"trimmed":false,"spriteSourceSize":{"x":0,"y":0,"w":44,"h":64},"sourceSize":{"w":44,"h":64}},"bucky_walk_right_y(1)":{"frame":{"x":555,"y":0,"w":44,"h":64},"rotated":false,"trimmed":false,"spriteSourceSize":{"x":0,"y":0,"w":44,"h":64},"sourceSize":{"w":44,"h":64}},"bucky_walk_right_y(2)":{"frame":{"x":135,"y":455,"w":44,"h":64},"rotated":false,"trimmed":false,"spriteSourceSize":{"x":0,"y":0,"w":44,"h":64},"sourceSize":{"w":44,"h":64}},"bucky_walk_right_y(3)":{"frame":{"x":83,"y":520,"w":44,"h":64},"rotated":false,"trimmed":false,"spriteSourceSize":{"x":0,"y":0,"w":44,"h":64},"sourceSize":{"w":44,"h":64}},"bucky_walk_right_y(4)":{"frame":{"x":128,"y":260,"w":44,"h":64},"rotated":false,"trimmed":false,"spriteSourceSize":{"x":0,"y":0,"w":44,"h":64},"sourceSize":{"w":44,"h":64}},"bucky_walk_right_y(5)":{"frame":{"x":465,"y":65,"w":44,"h":64},"rotated":false,"trimmed":false,"spriteSourceSize":{"x":0,"y":0,"w":44,"h":64},"sourceSize":{"w":44,"h":64}},"bucky_walk_right_y(6)":{"frame":{"x":0,"y":260,"w":44,"h":64},"rotated":false,"trimmed":false,"spriteSourceSize":{"x":0,"y":0,"w":44,"h":64},"sourceSize":{"w":44,"h":64}},"bucky_dash_left":{"frame":{"x":330,"y":390,"w":68,"h":47},"rotated":false,"trimmed":false,"spriteSourceSize":{"x":0,"y":0,"w":68,"h":47},"sourceSize":{"w":68,"h":47}},"bucky_dash_right":{"frame":{"x":261,"y":390,"w":68,"h":47},"rotated":false,"trimmed":false,"spriteSourceSize":{"x":0,"y":0,"w":68,"h":47},"sourceSize":{"w":68,"h":47}}},"meta":{"app":"https://www.leshylabs.com/apps/sstool/","version":"Leshy SpriteSheet Tool v0.8.4","image":"allBucky.png","size":{"w":644,"h":584},"scale":1}}