{"frames":{"bossdoor":{"frame":{"x":0,"y":0,"w":71,"h":111},"rotated":false,"trimmed":false,"spriteSourceSize":{"x":0,"y":0,"w":71,"h":111},"sourceSize":{"w":71,"h":111}},"bossdoor_b":{"frame":{"x":72,"y":0,"w":71,"h":111},"rotated":false,"trimmed":false,"spriteSourceSize":{"x":0,"y":0,"w":71,"h":111},"sourceSize":{"w":71,"h":111}},"bossdoor_by":{"frame":{"x":144,"y":0,"w":71,"h":111},"rotated":false,"trimmed":false,"spriteSourceSize":{"x":0,"y":0,"w":71,"h":111},"sourceSize":{"w":71,"h":111}},"bossdoor_r":{"frame":{"x":0,"y":112,"w":71,"h":111},"rotated":false,"trimmed":false,"spriteSourceSize":{"x":0,"y":0,"w":71,"h":111},"sourceSize":{"w":71,"h":111}},"bossdoor_rb":{"frame":{"x":72,"y":112,"w":71,"h":111},"rotated":false,"trimmed":false,"spriteSourceSize":{"x":0,"y":0,"w":71,"h":111},"sourceSize":{"w":71,"h":111}},"bossdoor_rby":{"frame":{"x":144,"y":112,"w":71,"h":111},"rotated":false,"trimmed":false,"spriteSourceSize":{"x":0,"y":0,"w":71,"h":111},"sourceSize":{"w":71,"h":111}},"bossdoor_ry":{"frame":{"x":216,"y":0,"w":71,"h":111},"rotated":false,"trimmed":false,"spriteSourceSize":{"x":0,"y":0,"w":71,"h":111},"sourceSize":{"w":71,"h":111}},"bossdoor_y":{"frame":{"x":216,"y":112,"w":71,"h":111},"rotated":false,"trimmed":false,"spriteSourceSize":{"x":0,"y":0,"w":71,"h":111},"sourceSize":{"w":71,"h":111}}},"meta":{"app":"https://www.leshylabs.com/apps/sstool/","version":"Leshy SpriteSheet Tool v0.8.4","image":"boss_door.png","size":{"w":287,"h":223},"scale":1}}