{"frames":{"blot_yellow_left":{"frame":{"x":0,"y":0,"w":50,"h":64},"rotated":false,"trimmed":false,"spriteSourceSize":{"x":0,"y":0,"w":50,"h":64},"sourceSize":{"w":50,"h":64}},"blot_yellow_right":{"frame":{"x":51,"y":0,"w":50,"h":64},"rotated":false,"trimmed":false,"spriteSourceSize":{"x":0,"y":0,"w":50,"h":64},"sourceSize":{"w":50,"h":64}}},"meta":{"app":"https://www.leshylabs.com/apps/sstool/","version":"Leshy SpriteSheet Tool v0.8.4","image":"enemy_yellow.png","size":{"w":101,"h":64},"scale":1}}