{"frames":{"health_0":{"frame":{"x":0,"y":0,"w":80,"h":64},"rotated":false,"trimmed":false,"spriteSourceSize":{"x":0,"y":0,"w":80,"h":64},"sourceSize":{"w":80,"h":64}},"health_1":{"frame":{"x":0,"y":65,"w":80,"h":64},"rotated":false,"trimmed":false,"spriteSourceSize":{"x":0,"y":0,"w":80,"h":64},"sourceSize":{"w":80,"h":64}},"health_2":{"frame":{"x":81,"y":0,"w":80,"h":64},"rotated":false,"trimmed":false,"spriteSourceSize":{"x":0,"y":0,"w":80,"h":64},"sourceSize":{"w":80,"h":64}},"health_3":{"frame":{"x":81,"y":65,"w":80,"h":64},"rotated":false,"trimmed":false,"spriteSourceSize":{"x":0,"y":0,"w":80,"h":64},"sourceSize":{"w":80,"h":64}},"health_4":{"frame":{"x":0,"y":130,"w":80,"h":64},"rotated":false,"trimmed":false,"spriteSourceSize":{"x":0,"y":0,"w":80,"h":64},"sourceSize":{"w":80,"h":64}},"health_5":{"frame":{"x":81,"y":130,"w":80,"h":64},"rotated":false,"trimmed":false,"spriteSourceSize":{"x":0,"y":0,"w":80,"h":64},"sourceSize":{"w":80,"h":64}}},"meta":{"app":"https://www.leshylabs.com/apps/sstool/","version":"Leshy SpriteSheet Tool v0.8.4","image":"health.png","size":{"w":161,"h":194},"scale":1}}