{"frames":{"KingColor":{"frame":{"x":0,"y":0,"w":248,"h":232},"rotated":false,"trimmed":false,"spriteSourceSize":{"x":0,"y":0,"w":248,"h":232},"sourceSize":{"w":248,"h":232}},"KingColor_shoot0001":{"frame":{"x":0,"y":233,"w":248,"h":232},"rotated":false,"trimmed":false,"spriteSourceSize":{"x":0,"y":0,"w":248,"h":232},"sourceSize":{"w":248,"h":232}},"KingColor_shoot0002":{"frame":{"x":249,"y":0,"w":248,"h":232},"rotated":false,"trimmed":false,"spriteSourceSize":{"x":0,"y":0,"w":248,"h":232},"sourceSize":{"w":248,"h":232}},"KingColor_shoot0003":{"frame":{"x":249,"y":233,"w":248,"h":232},"rotated":false,"trimmed":false,"spriteSourceSize":{"x":0,"y":0,"w":248,"h":232},"sourceSize":{"w":248,"h":232}},"KingColor_shoot0004":{"frame":{"x":0,"y":466,"w":248,"h":232},"rotated":false,"trimmed":false,"spriteSourceSize":{"x":0,"y":0,"w":248,"h":232},"sourceSize":{"w":248,"h":232}},"KingColor_shoot0005":{"frame":{"x":249,"y":466,"w":248,"h":232},"rotated":false,"trimmed":false,"spriteSourceSize":{"x":0,"y":0,"w":248,"h":232},"sourceSize":{"w":248,"h":232}}},"meta":{"app":"https://www.leshylabs.com/apps/sstool/","version":"Leshy SpriteSheet Tool v0.8.4","image":"kingColor_fixed.png","size":{"w":497,"h":698},"scale":1}}